site_no,n_obs,mean,sd
01472104,82115,8.992646,2.015255
01473500,215587,9.295283,2.19786
01475530,93137,9.544619,1.906106
01475548,90810,9.198523,2.630112
01480617,260150,10.078958,1.865809
01480870,309712,9.782767,1.927587
01481000,317336,9.861618,1.838957
01481500,489443,10.811187,2.146135
01482504,5082,4.128945,1.548127
01482537,5449,7.825776,2.926813
