site_no,n_obs,mean,sd
01472104,82115,8.992646,2.015255
01473500,209792,9.267651,2.210833
01475530,87134,9.505518,1.929647
01475548,84911,9.143238,2.681044
01480617,254241,10.06299,1.871525
01480870,304932,9.796727,1.929747
01481000,311568,9.854791,1.846634
01481500,480711,10.794836,2.151934
01482504,5082,4.128945,1.548127
01482537,5449,7.825776,2.926813
